aid,title,author,image_url,published_date,article_url,category,raw_text,text,is_manipulated
24_25_04_2025,Øker med millioner: Nå rennes han ned av agenter,Christian Skare Stendal,https://premium.vgc.no/v2/images/dde74db4-3776-4a32-8bb9-1e2801181297?fit=crop&format=auto&h=1365&w=2048&s=1a5c71af077a0fd60a729f368593f82491533d72,2025-04-24 11:40:54,https://www.aftenposten.no/sport/i/VzwaX6/oeker-med-millioner-naa-rennes-han-ned-av-agenter,Sports,"Nidaros-opprykket får konsekvenser på direkten.
– De er ekstremt mer på, sier Nidaros-leder Kenneth Madsø til Adresseavisen.
«De» i denne sammenhengen er hockeyagenter som forsøker å selge inn spillere til den ferske eliteserieklubben.
– Jeg sitter sikkert i samtaler med agenter ti ganger om dagen. Forskjellen fra i fjor er ganske stor. Da var det vi som jaget, og som selv måtte ta kontakt med agentene. Da ba vi om å få tilsendt liste over aktuelle spillere, og så kom det aldri noen liste.
To under kontrakt
Madsø og Nidaros Hockey er midt i jobben med å bygge en stall som skal være konkurransedyktig nok til å kjempe om en sluttspillplass (topp åtte) i sin første sesong på øverste nivå i norsk ishockey.
Per i dag står klubben med to spillere under kontrakt for neste sesong. Svenskebacken Adam Bäckehag og lokale Sander Vedul-Kjelsås.
Og allerede tirsdag starter sommertreningen.
Sånn sett passer det godt at tilgjengeligheten på potensielle spillere er kraftig forbedret.
– Jeg sto der ved vantet mot Ringerike og tenkte at jobben min blir så vanvittig mye vanskeligere om vi ikke klarer opprykket nå, sier Madsø.
– Men det er fortsatt ingen enkel jobb. Vi skal forme et lag som blir interessant å følge med på, som kan ta en skalp i ny og ne og forhåpentligvis ta en sluttspillplass det første året.
– Er du stresset over at det bare er to spillere på kontrakt neste sesong?
– Nei. Vi er jo i dialog med mange, så det kommer til å dette inn noen i løpet av de neste tre ukene.
– Det verste jeg gjør
Foreløpig har to av spillerne som var med og spilte Nidaros opp fått beskjed om at de ikke får bli med til eliteserien. Det blir trolig flere.
– Man blir jo glad i guttene som har lagt ned en betydelig jobb, og så står man her hvor man kanskje må takke for laget. Det er det verste jeg gjør i denne settingen. Det er ikke noe hyggelig i det hele tatt, sier Madsø.
– Vi skal jobbe for å beholde en tydelig trøndersk profil, og har troen på ungguttene som er her. Samtidig er vi ærlige på at om vi skal nå opp, må vi hente inn både fra ellers i Norge og utlandet for å få den spisskompetansen vi ikke har i dag. Det er vi totalt avhengige av, sier klubbens daglige leder.
– Vi må ikke gjøre kjempestore utskiftninger, men det blir noen.
Millionvekst
Regnskapet for 2024 er klart, og Nidaros lander på et enda renere skjær enn spådd i januar. Da anslo styreleder Frode Storesund et overskudd på 3–400 000 kroner overfor Adresseavisen.
Fasiten viser et pluss på 450 000 kroner etter en omsetning på i overkant av 8,5 millioner kroner.
Budsjettet for 2025 viser en kraftig millionøkning - og klubben anslår en omsetning på tolv millioner kroner - en vekst på nær 40 prosent fra i 2024. Nidaros budsjetterer med knapt overskudd på 16 000 kroner.
I de økte utgiftene ligger også større lønnskostnader. Spillernes totale lønnspott har vært av den beskjedne sorten.
Før rutinerte Villiam Strøm signerte midtveis i sesongen, hadde hele Nidaros-stallen totalt 60 000 kroner i lønn i måneden. Strøm-lønningen ble finansiert eksternt.
– Vi må begynne å verdsette sport litt mer. Det vil si at vi må begynne å tilby noen lønninger. Men vi klarer ikke å matche de største lønningene rundt omkring.
Nye inntekter
Salgs- og markedssjef Daniel Björnberg får en stor del av oppgaven med å hente inn høyere inntekter.
– Hva har skjedd etter opprykket?
– Det ble et lite vakuum i noen dager, og så satte det i gang ganske fort, sier svensken.
– Bare de første ukene har vi hatt en økning på rundt 700 000 kroner. Det er bra kroner, men vi skal opp en bit til, sier han.
Nidaros spilte hele opprykksesongen uten en hovedsponsor på drakten. Det kan endre seg.
– Vi er i dialog med noen. Vi snakker spesifikt med enkelte bedrifter som er sterke i samfunnet her i byen. Jeg tror vi er veldig nærme, sier Björnberg.",Error generating text.,no
9_25_04_2025,Alt du må vite før Trump-møtet,Jørn E. Kaalstad,https://akamai.vgc.no/v2/images/076e46b8-01e2-4cba-9777-68f8f04264eb?format=auto&w=1080&s=b5357dfaf7623b0534f775f918e78e5fc3e384e5,2025-04-24 12:09:02,https://www.vg.no/nyheter/i/8qAO21/statsminister-jonas-gahr-stoeres-moete-med-donald-trump-i-det-hvite-hus-dette-maa-du-vite,Politics,"Det knytter seg stor spenning til hva som vil skje når Jonas Gahr Støre og Jens Stoltenberg møter USAs president Donald Trump i Det hvite hus i dag.
Mye ligger i potten når Norges statsminister møter USAs president. Trump er uberegnelig og følelsesstyrt og mye kan gå galt under samtalene, men møtet kan også til bidra til å styrke Norges forhold til verdens mektigste land i en urolig tid.
Her får du svar på de mest sentrale spørsmålene før møtet:
1 Når skal de møtes?
De skal møtes i Det hvite hus i Washington klokken 18.00 i dag, torsdag. VG er på plass i Det hvite hus og du kan følge med på alt som skjer, her på VG.
2 Hva er opplegget for samtalene?
Opplegget for samtalene inkluderer først en lunsj, etterfulgt av samtaler i Det ovale kontor i Det hvite hus. Temaene som skal diskuteres er sikkerhetspolitikk, situasjonen i Ukraina, handel og Norges strategiske betydning for USA.
3 Hvorfor er Norge invitert til møtet?
Norge er invitert fordi USA ser på Norge som en viktig samarbeidspartner, spesielt innen sikkerhetspolitikk og handel. Norges geografiske beliggenhet nær Russland og Norges bidrag til amerikanske arbeidsplasser og økonomi er også viktige faktorer.
4 Har Støre møtt Trump før?
Nei, det er første gang Støre møter Trump ansikt til ansikt, men de har snakket sammen på telefon. I forrige måned avslørte Støre detaljer fra samtalen.
– Vet du hva han sa? Nå skal jeg «oute» ham. Han sa at «Norway is a great country and the prime minister is a great guy», sa Støre og lo.
5 Hvem skal være til stede på møtet?
Statsminister Jonas Gahr Støre og finansminister Jens Stoltenberg skal møte president Donald Trump og visepresident JD Vance i Det hvite hus.
Norske statsministre i Det hvite hus
Allerede under andre verdenskrig, 13. mai 1942, besøkte Johan Nygaardsvold president Franklin D. Roosevelt. Siden den gang har en rekke norske regjeringssjefer vært på besøk hos USAs øverste leder.
Einar Gerhardsen møtte Harry Truman 28. mai 1951, og Oscar Torp fulgte opp med besøk til Truman 24. september 1952 og til Dwight D. Eisenhower 24. november 1954.
Gerhardsen var tilbake i Det hvite hus 14. mai 1958, denne gangen hos Eisenhower, og igjen 9. mai 1962, da han møtte John F. Kennedy.
På 1970- og 80-tallet fortsatte tradisjonen: Odvar Nordli besøkte Jimmy Carter 7. desember 1979, mens Kåre Willoch møtte Ronald Reagan 20. februar 1983.
Gro Harlem Brundtland hadde flere møter, blant annet med Reagan 29. april 1987, George H.W. Bush 3. mai 1989 og 5. juni 1992, samt Bill Clinton 17. mai 1994.
Jan P. Syse var også innom hos George Bush senior 23. februar 1990.
Kjell Magne Bondevik besøkte Bill Clinton 15. oktober 1999, og hadde to møter med George W. Bush, 5. desember 2001 og 16. mai 2003.
I nyere tid har Jens Stoltenberg vært på besøk hos Barack Obama 20. oktober 2011. Erna Solberg møtte Obama både 31. mars og 13. mai 2016, og besøkte Donald Trump 10. januar 2018.
Jonas Gahr Støre hadde et uformelt møte med Joe Biden 27. januar 2022, som varte i 20 minutter.
Denne listen er laget ved hjelp av AI-verktøy fra OpenAI, og kvalitetssikret av VGs journalister.
Vis mer
6 Hvorfor er Jens Stoltenberg med?
Finansminister Jens Stoltenberg er med fordi han har et godt forhold til Trump fra sin tid som generalsekretær i NATO. Som finansminister har han også fagkompetanse som kan være nyttig i diskusjoner om handel og økonomi. Stoltenberg skal delta i de bilaterale samtalene. Han skal i tillegg delta på et G20-møte og Det internasjonale pengefondet (IMF).
7 Hva skal de snakke om?
Møtet vil blant annet handle om den sikkerhetspolitiske situasjonen, Nato og krigen i Ukraina, samt handel og næringsliv.
– Norge og USA samarbeider på en rekke områder, og USA er en viktig handelspartner for Norge. Jeg ser frem til å snakke om områder der vi kan samarbeide enda tettere fremover, sier Støre før møtet.
8 Hva skal de ikke snakke om?
Det er ikke planlagt å forhandle om tollsatser under møtet, selv om temaet vil bli diskutert. Grønland er heller ikke et hovedtema, men Støre har sagt at han vil støtte Danmarks syn hvis det blir nødvendig.
9 Hvor viktig er dette møtet?
Møtet er svært viktig fordi det gir Norge en mulighet til å styrke forholdet til USA, som er Norges viktigste allierte. Det er også en sjanse til å påvirke amerikansk politikk som kan ha stor betydning for Norge.
Støre vil minne Trump om hva Norge kan tilby USA. Blant poengene er Norges rolle i amerikansk sikkerhetsarkitektur.
10 Hva kan gå galt?
Trump er kjent for å være uforutsigbar. Hvis samtalene ikke går som planlagt, kan det føre til misforståelser eller svekket samarbeid. Det er også usikkert hva JD Vance vi si eller kommentere på under møtet.
Det er mange betente spørsmål som kan dukke opp når år de to møtes. Dette sier Støre selv:
– Alle som har sett møtene Trump har holdt, har sett at disse møtene former seg underveis. Vi må være forberedt på at møtet vil skje på den måten han ønsker seg.
11 Hva er skrekkscenarioet?
Vi får håpe at møtet ikke utarter til å bli noe lignende det som skjedde med Ukrainas president Volodymyr Zelenskyj som møtte Trump og Vance i slutten av februar:
12 Hva kan Norge tjene på møtet?
Norge kan tjene på møtet ved å styrke samarbeidet med USA innen sikkerhet og handel. Det kan også bidra til å redusere tollsatser på norske varer og fremme norske interesser i amerikansk politikk.",Error generating text.,no
10_25_04_2025,Når høyresiden må reddes av staten,Remi Sølvberg,https://www.dagsavisen.no/resizer/v2/E4XS6WNE2RDO5BTPGOVIRPULWA.JPG?smart=true&auth=3e47c029433aaa2eff5299a63fcb69c86e4e60155d6946b81872626dfbdeb3bd&width=1200&height=630,2025-04-24 11:54:31,https://www.dagsavisen.no/debatt/2025/04/24/nar-hoyresiden-ma-reddes-av-staten,Politics,"Høyresiden har i tiår messet om markedets fortreffelighet. Om konkurranse, valgfrihet og en «slankere stat».
De har privatisert, liberalisert og konkurranseutsatt, med én underliggende påstand: At markedet løser det meste – bedre og billigere.
Men virkeligheten har vært en annen. For når krisene rammer – når markedet svikter – er det staten som må rydde opp. Gang på gang.
Under pandemien
sto vi uten smittevernutstyr
. Markedet hadde levert «effektivitet» i form av tomme lagre og null beredskap. Det var Høyres system – basert på just-in-time og minimal stat – som kollapset.
Og hvem måtte inn og fikse det? Jo, staten.
Erna Solbergs regjering
opprettet statlige lagre, overtok innkjøpene og styrte distribusjonen
. Plutselig var det fellesskapet som gjaldt igjen.
Det er først når katastrofen rammer at høyresiden erkjenner realitetene.
Så kom strømkrisen. Høyresiden har i årevis vært markedstroens mest lojale disipler, og har ivret for utbygging av et kommersielt kraftmarked. Resultatet? Prissjokk, eksport i blinde og energifattigdom.
Da snudde Høyre og Frp – og støttet strømstøtte, eksportregulering og til og med prisinngrep. De som trodde på markedet måtte igjen søke hjelp hos staten.
Og i jordbruket? Her har både Høyre og Frp i tiår krevd kutt i subsidier og tollvern. Likevel valgte de – i hele sin regjeringsperiode –
å opprettholde systemet
de selv hadde kritisert.
Hvorfor? Fordi realiteten er at markedet ikke kan sikre norsk matproduksjon i et land med fjell, fjorder og lange vintre. Det måtte staten til for å holde det i live.
Det er en gjennomgående tendens: Når høyresiden får styre etter eget hode, skjæres det ned, overlates til markedet og svekkes.
Og når det hele vakler – da ropes det på staten. På fellesskapet. På oss.
Dette er ikke politikk basert på ansvarlighet. Det er ideologisk gambling – med beredskap, forsyning og velferd som innsats.
Og det er først når katastrofen rammer at høyresiden erkjenner realitetene.
Rødt har sagt det lenge: Noen ting er for viktige til å overlates til markedet. Strøm, mat, helse, teknologi, beredskap.
Det handler om nasjonal kontroll og kollektiv trygghet. Det handler om å ha et samfunn som fungerer – ikke bare for de som har råd, men for alle.
Mens Høyre og Frp svinger som et siv i vinden, står Rødt fast: Vi trenger en sterk stat. Vi trenger politisk styring av krafta, av matforsyningen, av industrien. Ikke for å være ideologiske, men for å være realistiske.
Og kanskje er det det mest ironiske av alt: At den politikken høyresiden nå tvinges til å føre, er den Rødt har stått for hele tiden.
Les også:
Ekspert Kalle Moene: Dette må du vite om Donald Trumps tollsatser
Les også:
Eksperten advarer: Ikke gå i denne kredittkort-fella
(+)
Les også:
Dette får etterlatte av din pensjon når du dør
(+)",Error generating text.,no
4_25_04_2025,"Dette må du vite om møtet mellom Trump, Støre og Stoltenberg",Lytt til saken,https://akamai.vgc.no/v2/images/6220a67b-ea0c-416b-b6cb-5e265148227f?format=auto&w=1080&s=98e1f81b719af15a19a84f784ef72c1224ae4dff,2025-04-24 20:27:51,https://www.vg.no/nyheter/i/yEjK3e/dette-maa-du-vite-om-moetet-mellom-trump-stoere-og-stoltenberg-i-det-hvite-hus,"Politics, Business","Møtet dekket temaer som Ukraina-krigen, handel, toll og sikkerhetspolitikk.
Marie Dreyer Bakken
1 Hva sa Trump om Ukraina?
Trump sa at han var fornøyd med samtalene om Ukraina og roste Støre og Stoltenberg for Norges rolle i konflikten. Støre understreket på sin side viktigheten av at USA legger press på Russland og støtter forsøkene på å få til en våpenhvile.
2 Hva sa Trump om toll på norske varer?
Trump sa at han sannsynligvis ikke vil senke tollsatsen for norske varer, selv om Norge har et handelsunderskudd med USA.
Han begrunnet dette med at Norge har en sterk økonomi og «har råd til å betale mer».
Støre påpekte at Norge mener handelen mellom landene er balansert og at det bør være nulltoll på industrivarer.
3 Hva synes Trump om Norge?
Trump hadde mye positivt å si om Norge. Han kalte det et «utrolig land» med «utrolige folk», sa at nordmenn er «flotte forretningsfolk» og at Norge er en «veldig smart nasjon».
Presidenten sa også at han elsker Norge og ønsker å stå på ski her.
Han sa også at han har stor respekt for kongen av Norge og at han ønsker å møte ham. Han beskrev kongen som en person som har oppnådd stor respekt, noe han mente ikke er lett.
4 Hvorfor dro Støre og Stoltenberg til USA?
Statsminister Jonas Gahr Støre møtte USAs president Donald Trump i Det hvite hus for å diskutere viktige temaer som sikkerhetspolitikk, krigen i Ukraina, handel og Norges strategiske betydning for USA. Møtet var en mulighet til å styrke forholdet mellom Norge og USA, blant annet innen sikkerhet og handel.
Møtet gir også en mulighet til å påvirke amerikansk politikk som kan være gunstig for norske interesser.",Error generating text.,no
6_25_04_2025,Høgre og Ap har dei same kleda på,Lisa Marie Ness Klungland,https://premium.vgc.no/v2/images/607d4e91-2344-487a-9070-677fb7507b17?fit=crop&format=auto&h=1267&w=1900&s=6514e9b30349932ab30345b07248674205e00616,2025-04-24 18:38:38,https://www.aftenbladet.no/meninger/debatt/i/dR9G8A/hoegre-og-ap-har-dei-same-kleda-paa,Politics,"i
Debatt
Dette er et debattinnlegg. Innlegget er skrevet av en ekstern bidragsyter, og kvalitetskontrollert av Aftenbladets debattavdeling. Meninger og analyser er skribentens egne.
DEBATT: Det er noko sjarmerande med Høgre og Aleksander Stokkebø som angrip Ap for den same gamle politikken. Fakta er jo den at det er lite som skil dei to partia på dei fleste område.
Stokkebø meiner i eit lesarbrev 9. april at Ap ikkje har nye klede, men dei same gamle. Det same kan definitivt seiast om Høgre. Ei stemme til Ap eller til Høgre, er ei stemme til å behalda systema slik dei er i dag.
Høgre har ikkje tenkt ein ny tanke sidan dei tapte stortingsvalet i 2021.
Ap og Høgre er garantistane for det straumsystemet me har i dag som gjer at bedriftene i Rogaland må blø for ein feilslått energipolitikk i EU. Dei er garantistane for ei tettare tilknyting til EU, som vil gjera at bedriftene våre mistar sitt største konkurransefortrinn: Låge og stabile straumprisar samanlikna med resten av Europa.
Høgre i 2025 er det same partiet som i 2013, 2017 og 2021. Høgre er det nye reverseringspartiet i norsk politikk. «Keisar» Solberg har dei same gamle kleda på seg. Dei har ikkje tenkt ein ny tanke sidan dei tapte stortingsvalet i 2021.
Verda har endra seg heilt enormt sidan den tid. Men kva går Høgre i år til val på? Nye kommunesamanslåingar, å stå ved gamle system som helseføretaksmodellen og straumsystemet og å reversera helsepolitikken og skulepolitikken me har gjennomført sidan 2021.
Dei vil fjerna endringane i midlertidig arbeidskraft, endringane som er gjort på tog og elles tilbake til alt slik det var før. Ifølge Dagbladets Lars Helles kommentar 23. desember 2024: «Det er rett og slett noe resignert over Høgre når det som ser ut til å være deres viktigste valgkampsaker blir en slags mimretur tilbake til forrige gang de satt med makta.». Her skal Ap faktisk ha ros: Dei har saman med oss i Senterpartiet gjort ein del endringar til det betre. Endringar som Høgre nå går til val på å reversera.
09. april
Publisert:",Error generating text.,no
15_25_04_2025,Ulstein med stikk til Ap: – Familien må for ofte vike for arbeidslinjen,Mathea Hallingstad Laugen,https://gfx.nrk.no/kKDaFrRpOi6f7GiF5F4-NACe5bWLetQq_G57Temn45bg,2025-04-24 09:02:53,https://www.nrk.no/norge/ulstein-med-stikk-til-regjeringen_-_-apner-dorene-for-sorteringssamfunn-1.17392114,Politics,"KrF-leder Dag Inge Ulstein åpner nå partiets landsmøte med ledertalen – knappe tre måneder etter han ble offisielt valgt som partileder.
Et tema som har vekket intern strid i KrF er foreldrepermisjonen. Skal man opprettholde inndelte kvoter slik som i dag - eller skal foreldrene få velge fritt hvordan de bruker ukene sine?
– Familienes betydning og behov er ikke på radaren til regjeringen. Det som er bra for familien må altfor ofte vike for det som er bra for arbeidslinjen.
– For eksempel den statlige detaljstyringen av foreldrepermisjonen. Det er ikke vår linje. KRF vil gi familiene mer frihet, mer tillit og vi vil fjerne den fullstendig rigide tredelingen av permisjonen.
KrF-leder Dag Inge Ulstein taler til landsmøtet. Foto: Paul S. Amundsen / NRK
Et av KrFs hjertesaker er familien, og Ulstein kommer fra talerstolen med enda et stikk til Arbeiderpartiet:
– I Arbeiderpartiets program er det heller ikke et eneste ord – om utfordring med synkende fødselsrater, og å legge til rette for at folk kan få flere barn. Ikke et ord.
Åpner for sorteringssamfunn
På talerstolen kritiserer han regjeringens abortpolitikk, som han mener «åpner dørene på vidt gap for enda mer sortering».
I desember ble det vedtatt en utvidelse av dagens selvbestemte abortgrense fra 12 til 18 uker. Den nye abortloven trer i kraft fra juni.
– Da KrF for 15 år siden advarte mot et sorteringssamfunn, ble vi beskyldt for skremselsretorikk. Men det som en gang ble kalt et skremselsbilde, er nå virkelighet: i dag blir over 90 prosent av barn som får påvist Downs syndrom nettopp sortert bort.
Politikken har sviktet elevene
Ulstein sier også at det trengs et krafttak for kvalitet i skolen. Norske elevers ferdigheter i norsk, matte og naturfag har stupt til et nordisk bunnivå, sier han.
– Her har politikken sviktet, mener Ulstein.
– Høyresiden roper på mer disiplin – ja takk, sier vi i KrF. Vi gir oss ikke før det er ro i klasserommet. Venstresiden snakker om mer praktisk undervisning – ja takk, sier vi. Alle barn må møtes med respekt for de evnene de har. Men KrFs inngang er klar: Forskjellen på en god skole, og en dårlig skole er læreren.
Nei til «splittende» EU-debatt
Partileder Ulstein beskriver tiden vi lever i som «alvorlig».
– Vi må fremskynde Langtidsplanen for Forsvaret. Vi må forenkle de militære anskaffelsesprosessene. Vi må øve mer, fylle lagrene og vi må trappe opp våpenproduksjonen i Norge.
Han peker på Nato som «bærebjelken» i norsk sikkerhetspolitikk, og mener ikke tiden er inne for å se til EU.
– I en tid som krever samling, trygghet og tydelighet, er ikke en ny splittende EU-debatt det landet vårt trenger.
KrF-ere fra hele Norge er samlet i Bergen for landsmøte. Foto: Paul S. Amundsen / NTB
Skal over sperregrensa
Fra talerstolen har Ulstein et tydelig budskap:
– Vi skal over sperregrensa! For vi skal bidra til et nytt flertall og en ny regjering.
På NRKs meningsmåling i april fikk KrF 3,2 prosent oppslutning. Dette plasserte dem under sperregrensen i Norge på 4 prosent.
– Du vet, for bergensere er Bergen ikke bare en by. Det er verdens navle. Planetens toppunkt. Punktum, sier Dag Inge Ulstein fra podiet.
Bevæpning, foreldreperm og kvoteflyktninger
Denne gangen samles partiet på Flesland i Bergen, for å vedta ny politikk de neste tre dagene.
Viktige saker som står på agendaen er:
Om partiet skal gå inn for generell bevæpning eller ikke.
Foreldrepermisjonen – skal foreldrene kunne velge fritt hvem som skal ta ut permisjonen?
Kvoteflyktninger – hvor mange skal Norge ta imot?",Error generating text.,no
25_25_04_2025,Dette er noen av årets russeknuter i Trondheim,Emelie Kjærnli,https://vcdn.polarismedia.no/a8ce9a12-4fd2-405f-9a11-61a3402f1948?fit=crop&h=630&q=80&tight=true&w=1200,2025-04-24 16:30:00,https://trdby.adressa.no/kultur/i/lwjrnA/dette-er-noen-av-aarets-russeknuter-i-trondheim,Entertainment,"Trdby har fått oversikt over russeknutene fra de videregående skolene Charlottenlund, Thora Storm og KVT. Sex- og alkohol-relaterte utfordringer går særlig igjen, som tidligere år.
Før i tiden pleide russens hovedstyre i Trondheim å lage en felles liste over russeknuter for all russ i byen. Slik er det ikke lenger. Nå lager hver skole sine egne knuter, ifølge russepresident Erlend Hansbakken på Charlottenlund videregående skole.
Likevel er det mye som går igjen på listene til de ulike skolene i byen.
Russeknuter ved Charlottenlund vgs. Vis mer ↓
Roseblad: be med en førsteklassing på date
Lekepistol: Kyss en politibetjent
Kongla: ha sikker sex med samtykke utendørs
Gull-kongla: Ha sikker sex med samtykke i et tre
Sex og samfunn-strykemerke: Test deg selv for seksuelt overførbare infeksjoner
Amnesty-logo: Stryk på «Nei er nei» merket fra Amnesty på russedressen
Dommerfløyte: Ta dommen til en førsteklassing
Teltpinne: Telte i hagen til en lærer
.Lepper-godteri: Avbryt noen når de kliner å spør om du kan bli med
Blyant: Kidnapp en elev fra en annen skole
Shotglass: Hold opp et skilt i en rundkjøring hvor det står 'tut for en shot'
Viskelær: Kidnapp pulten til en førsteklassing
Sokk: Gå barfot en hel skoledag
Kritt: Be med en lærer på date
Truse: Gå kommando en hel skoledag
Fersken-godteribit: Ha sikker sex med samtykke med noen fra russestyret
Iskrem-papir: Spander is på en hel barnehageavdeling
Handlepose: Kjøp mat til en som trenger det
Hårstrikk: Ta truserøsk på en andreklassing
Giftering: Fri til en medruss i en skoletime
Coronakork: Ha chuggekonkurranse med en random på gata
Sovemaske: Vær våken i 24 timer
Snusboks: Ha i samme snus i en hel skoletime
Vannballong: Start vannkrig i kantina
Rosestilk: gi blomster til en lærer
Tatovering: tatover «Charks25» et sted på kroppen
Pinne: Sitt under pulten en hel skoletime
Briller: Ta over en VG1 time og ha seksualundervisning
Vinkork: Få med en lærer på vors
Linjal: Delta i en skoletime på en anna skole
Sugerør: Hold avstand fra alt av narkotiske stoffer gjennom hele RT
Hjertet: Ha kjæreste gjennom hele RT
Glidemiddelpakke: Ha sikker sex med noen du er glad i
Kvitteringen: Kjøp en pakke med kondomer, ved kun bruk av kroppsspråk
Lekebil: Få en VG1 eller VG2 elev til å gå en hel skoledag med russegenseren din
Ketchuppakke: Spis en hel cheeseburger i ett tygg
Lekebrannbil: Ha samleie med mensen/med noen som har det
Kjærlighet på pinne: La en venn velge en tilfeldig person du må flørte med i 5 minutter
Refleks: Ikke kjør dagen derpå gjennom hele russetiden
Drops: Flørt med en lærer i timen og takk for gårsdagen
Redbullboks: Gå 48 timer uten søvn
Ispinne: Bade utendørs før 1. mai
Klokke: Ta 24 knuter på 24 timer
Vodkakork: Drikk vann fra en vodkaflaske gjennom en hel skoledag
Pornhub-logoen: Se på porno på skolen og «glem» å ta av lyden, må se på helt til noen sier ifra
Knute på lua: Spander drikke på knutesjefene
Bananskall: Spis en banan sensuelt foran en fremmed, og hold øyekontakt hele tiden
Tusj: La noen tegne noe i fjeset ditt med sprittusj og gå med det en hel skoledag
Fjær: Bytt undertøy med en medruss og gå slik i 1 time
Håndjern: Håndjern deg selv til en klassekamerat en hel skoletime + pause
Gjenstand: Bryt deg inn hos en medruss og stjel en gjenstand til russeluen
Legg: Stå døvaktent utenfor skolen og sjekk legg til de som går inn
Mange mulige knuter
På Thora Storm videregående skole har de to egne «knutesjefer», Hedda Aspelund og Ingrid Stellander, som lager lista med årets russeknuter. De har hatt fokus på å lage varierte russeknuter, sånn at det også finnes både «snille» og vanskeligere alternativer.
– Jeg liker knuten du får av å ta hjernehinnebetennelse-vaksinen, for eksempel. Med den oppfordrer vi til å gjøre noe bra i russetida, sier Aspelund.
Russedressene får gjerne mer oppmerksomhet enn luene fra dagens ungdom.
Foto: Glen Musk
Knutsjefene synes det har vært gøy å velge ut russeknuter i år, selv om de færreste russ går inn for å fylle opp hele dusken med knuter lenger.
– Det er ikke så mye fokus på knuter blant dagens russ. Jeg tror ikke like mange bryr seg, som før. Det er mer en morsom greia på siden av feiringen. Jeg kommer i hvert fall ikke til å gå inn for å ta alle knutene selv, ler Aspelund.
Russeknuter ved Thora Storm vgs. Vis mer ↓
Kondomring: test deg for kjønnssykdommer i rt
Bomullsdott: vaksiner deg for hjernehinnebetennelse
Spritkork: spandere en shot på noen fra en annen skole
Enkrone: hook med noen i russestyret
Kondompakke: kjøp kondomer kun ved bruk av kroppsspråk
Matpapir: Spis lunsj i kantina på en annen vgs
Kongla: Ha sikker sex ute
Sølv: gjennomfør 15 knuter gjennom hele russetiden
Gull: gjennomfør minst 30 knuter igjennom hele russetiden
Kondom: ingen sex hele mai
Gullkongla: Ha sikker sex i eller på et tre
Rødt hjerte: inviter noen utenfra din gruppe/gjeng på vors
Schäfer-sticker: hook med en i schæfer
Smokk: hook med 07 eller 08
Snus: ha i samme snus i 6 timer
Hårstrikk: kyss en forelder av en medruss
Tatoveringen: tatover stormruss2025 et sted på kroppen
Fløyte: still deg i en rundkjøring og drikk hver gang du får et tut
Kaffebønne: kom på skolen rett fra nach
Truse: Spring fra kantina til 3. etasje i undertøyet
Fjær: vær wingman for en i klassen din
Snor: sov utenfor huset til en lærer
Pølsepapir: kjøp en pakke kondomer på en bensinstasjon, gå inn på do med en medruss og kom ut etter fem minutter. Krev pengene tilbake fordi kondomen sprakk.
Tøffel: ha kjæreste gjennom hele russetiden
Malebørste: utfør en seksuell handling med noen fra KDA
Penal: ha vors med en lærer på skolen din
Ballong: arranger vannkrig med russen (utendørs)
Russekort: Ha sikker sex med en fra russestyret
Rose: Romantisk date med en som ikke er russ i kantina
Manhattan-sticker: sitt en hel lunsj med manhattan jentan
Facetime-logo: start en facetime i kantina med 3 du har logge med
Viskelær: Ha sikker sex på skolens uteområde
Lilla hjerte: ha sikker sex med en rødruss
Katta-russekort: farg håret rødt/blått
Briller: Vær på skolen hver dag i rt
Øl/cider kork: løp fire runder rundt friidrettsbane, chugg en cider/øl for hver runde
Halvt russekort: utfør en seksuell handling med en fra russestyret
Skolisser: krabb inn på butikken for å kjøpe øl/cider, dersom du ikke når opp må du få hjelp av en du ikke kjenner
Gult hjerte: kjøp nattmat til en som trenger det
Amnesty logo: stryk på 'nei er nei' merket fra amnesty på russedressen
Bomullsdott: vaksiner deg for hjernehinnebetennelse
Blyant: flørte åpenlyst med lærer under en time
Smokk: hook med 07 eller 08
Salt pose: Fortell om din forrige seksuelle opplevelse til et 07/08 bord i kantina (husk samtykke)
Bokmerke: Sett russekortet ditt på utstilling sammen med favorittboka di på skolebiblioteket eller trondheims folkebibliotek
Svamp: klin med søster/bror til medruss (16+)
Ispinne: bade ute før 1 mai
Blyant: ha sexual undervisning for et 07/08 bord i kantina (husk samtykke)
Klor: promille hver dag i russetiden
Start eller bli med på allsang i kantina
Papir: edru gjennom hele russetiden
Russekortet til presidenten: Ha sikker sex med president
Rødt hjerte: inviter noen utenfra din gruppe/gjeng på vors
Medalje: drikk 24 enheter på 24 timer
Pam-sticker: syng pam sangen i kantina
Lipsyl: kyss en 08 i lunsjen i kantina (husk samtykke)
Nakenbildet fra bladet: Kjøp et pornoblad på en bensinstasjon eller kiosk. Kom tilbake 20 minutter senere og klag på at bladet ikke oppfylte fantasiene dine.
Tåteflaske: Få en i vg1 til å gå med russegenseren din en hel skoledag
Blank pose: narkotikafri russetid
Incest: ha sikker sex eller en seksuell handling med en i klassen din
Mindre «hype»
Russepresidenten ved KVT, Julie Rødseth, tror russeknuter har gått litt ut på dato.
– Personlig har jeg ikke lest gjennom alle en gang. Verken russelua eller knutene blir brukt noe særlig lenger. Konseptet er gøy, men dessverre også litt utdatert, sier hun.
Julie Rødseth med russepresidenten fra Byåsen vgs., Damien Appiah.
Foto: Richard Sagen
Til tross for dette har også de laget en liste over knuter for moro skyld:",Error generating text.,no
13_25_04_2025,Det er et eventyr – ikke en feministisk pamflett,Ilyayda Azis Shefedun,https://www.dagsavisen.no/resizer/v2/U67HDZRYB5A2VKYCAYIPDO56NA.jpg?smart=true&auth=c0748b1c01635a61dd7c88d3de14f452fccf2788b6ff00e43772f55917109b50&width=1200&height=630,2025-04-24 09:55:25,https://www.dagsavisen.no/debatt/2025/04/24/det-er-et-eventyr-ikke-en-feministisk-pamflett,Entertainment,"Samfunnet vårt prøver så hardt å gjøre alle fornøyde at det har mistet helt kontrollen.
Vi maler over historiene som formet oss. Klassikere blir sensurert, omskrevet og endret.
Ilyayda Azis Shefedun.
(Privat)
Ikke fordi de faktisk skader noen, men fordi vi har blitt så overdrevent følsomme at vi ikke klarer å skille mellom ekte diskriminering og fiktive fortellinger fra en annen tid.
Ta Disney som eksempel. Den nye live-action-versjonen av
Snehvit
er blitt et kaos.
Skuespilleren Rachel Zegler har kalt originalen
«ekstremt utdatert»
og vil ha
en versjon uten prins
.
Når ble det problematisk at en eventyrprinsesse blir reddet? Det er et eventyr – ikke en feministisk pamflett.
I tillegg er de syv dvergene byttet ut med
«magiske skapninger»
for å unngå stereotypier. Men i forsøket på å rydde opp, mister man alt som gjorde fortellingen magisk.
Ikke alt trenger å presses inn i dagens ideologiske rammer.
Nå skal alt handle om inkludering, rasisme og politisk korrekthet, selv når det overhodet ikke hører hjemme.
Snehvit skal plutselig ikke være hvit.
Ariel skal ikke ligne på originalen
. De syv dvergene må bort fordi det kan støte noen.
I Roald Dahls barnebøker blir ord som
«tjukk» og «stygg»
også fjernet for å unngå å støte noen.
Hva er neste steg? Skal vi begynne å omskrive verdenshistorien også?
Selvfølgelig er det bra med representasjon, men det betyr ikke at vi må endre på allerede etablerte karakterer som mange barn har hatt et sterkt emosjonelt forhold til.
Det handler ikke om rase, det handler om kontinuitet og respekt for historiefortelling.
Det er selvsagt viktig å gi rom for flere stemmer og perspektiver. Men det betyr ikke at vi skal rive ned alt som eksisterte før.
Når klassikere sensureres, karakterer endres og historiene skrives om for å passe en ny agenda, så visker vi ut mer enn bare ord. Vi visker ut en del av hvem vi var.
Dette handler ikke om å være imot mangfold, det handler om å bevare det ekte og originale. Historier som har rørt millioner, skal ikke knebles fordi de ikke passer dagens krav om «perfekt representasjon».
I stedet for å slette fortiden, burde vi heller lære av den – og skape nytt
ved siden av
, ikke
i stedet for
.
Hvis vi så lett kan endre på eventyr og klassikere, hva er neste steg? Skal vi begynne å omskrive verdenshistorien også?
Skal vi late som om den franske revolusjonen aldri var voldelig, at Hitler ikke prøvde å utrydde millioner, eller at homofili alltid har vært feiret med regnbueflagg?
La historiene være det de er: et produkt av sin tid, sin fantasi og sin kraft.
Hvor går egentlig grensen, og når slutter vi å forholde oss til virkeligheten?
Disse historiene har formet generasjoner – ikke med hat, men med fantasi, drømmer og magi. Vi vokste opp med prinsesser, hekser og helter, og vi trengte ikke se hudfarge for å tro på eventyret. Barn så håp, ikke politikk.
Er du uenig med en historie? Lag din egen. Men slutt å tukle med det som allerede finnes. Ikke alt må tilpasses alle hele tiden.
Noen ganger må vi bare akseptere å stå utenfor – og la historiene være det de er: et produkt av sin tid, sin fantasi og sin kraft.
Verden trenger ikke flere omskrevne klassikere. Den trenger mer forståelse – og mot til å la ting være i fred.
Les også:
Sanne har over 30 pleiere hver uke: – Familien tør ikke forlate huset
(+)
Les også:
– Folk tror du er hjerneskadd når du er litt annerledes i ansiktet
Les også:
– Vi har vært fiskere så lenge jeg vet, i alle fall mer enn hundre år
(+)",Error generating text.,no
